{
  "GRU_Alpha158": {
    "IC": 0.027858985935908406,
    "ICIR": 0.2134259055692475,
    "Rank IC": 0.04122318511853934,
    "Rank ICIR": 0.32850212758964853,
    "ann_wo_cost": 0.085968,
    "ir_wo_cost": 1.352505,
    "mdd_wo_cost": -0.067849,
    "ann_w_cost": 0.046602,
    "ir_w_cost": 0.733036,
    "mdd_w_cost": -0.077986,
    "sec": 933.8282098770142
  },
  "LSTM_Alpha158": {
    "IC": 0.034566259037065894,
    "ICIR": 0.261761917555928,
    "Rank IC": 0.041534404931014665,
    "Rank ICIR": 0.3179618016068215,
    "ann_wo_cost": 0.117767,
    "ir_wo_cost": 1.660791,
    "mdd_wo_cost": -0.088699,
    "ann_w_cost": 0.075435,
    "ir_w_cost": 1.063768,
    "mdd_w_cost": -0.107347,
    "sec": 1044.588131904602
  },
  "GATs_Alpha158": {
    "IC": 0.044286853577146124,
    "ICIR": 0.3106986993929999,
    "Rank IC": 0.05241455327688823,
    "Rank ICIR": 0.3705197006765037,
    "ann_wo_cost": 0.171546,
    "ir_wo_cost": 2.335921,
    "mdd_wo_cost": -0.062939,
    "ann_w_cost": 0.131092,
    "ir_w_cost": 1.786492,
    "mdd_w_cost": -0.073402,
    "sec": 1402.076721906662
  },
  "LSTM_Alpha360": {
    "IC": 0.04409597392233193,
    "ICIR": 0.3519142731832422,
    "Rank IC": 0.04795370750551448,
    "Rank ICIR": 0.39050584385080783,
    "ann_wo_cost": 0.094245,
    "ir_wo_cost": 1.333629,
    "mdd_wo_cost": -0.082035,
    "ann_w_cost": 0.049993,
    "ir_w_cost": 0.707472,
    "mdd_w_cost": -0.103392,
    "sec": 4644.069688796997
  },
  "GRU_Alpha360": {
    "IC": 0.04954339890944825,
    "ICIR": 0.3897699462737105,
    "Rank IC": 0.05872628674108191,
    "Rank ICIR": 0.4759840706778349,
    "ann_wo_cost": 0.100552,
    "ir_wo_cost": 1.366964,
    "mdd_wo_cost": -0.081833,
    "ann_w_cost": 0.060877,
    "ir_w_cost": 0.828365,
    "mdd_w_cost": -0.088577,
    "sec": 4959.050204992294
  },
  "KRNN_Alpha360": {
    "IC": 0.014440204652905202,
    "ICIR": 0.09449651660420173,
    "Rank IC": 0.025433125658574043,
    "Rank ICIR": 0.18031282217518857,
    "ann_wo_cost": 0.025567,
    "ir_wo_cost": 0.285339,
    "mdd_wo_cost": -0.166781,
    "ann_w_cost": -0.022092,
    "ir_w_cost": -0.246626,
    "mdd_w_cost": -0.253815,
    "sec": 2252.0226078033447
  },
  "GATs_Alpha360": {
    "IC": 0.04712758021357204,
    "ICIR": 0.3531955202456443,
    "Rank IC": 0.05877442766871019,
    "Rank ICIR": 0.4623329176704101,
    "ann_wo_cost": 0.113343,
    "ir_wo_cost": 1.524511,
    "mdd_wo_cost": -0.069536,
    "ann_w_cost": 0.079131,
    "ir_w_cost": 1.064582,
    "mdd_w_cost": -0.074058,
    "sec": 8651.168200016022
  }
}