{
  "GRU_gru_Alpha158": {
    "runs": [
      {
        "IC": 0.028237668792833306,
        "ICIR": 0.2085312005242225,
        "Rank IC": 0.04335291281889417,
        "Rank ICIR": 0.32760068205054976,
        "ann_wo_cost": 0.081841,
        "ir_wo_cost": 1.235141,
        "mdd_wo_cost": -0.072525,
        "ann_w_cost": 0.037051,
        "ir_w_cost": 0.558988,
        "mdd_w_cost": -0.114148,
        "sec": 796
      },
      {
        "IC": 0.028234138738156517,
        "ICIR": 0.20776705498797982,
        "Rank IC": 0.042603492825007014,
        "Rank ICIR": 0.32199532064029956,
        "ann_wo_cost": 0.077027,
        "ir_wo_cost": 1.064493,
        "mdd_wo_cost": -0.075643,
        "ann_w_cost": 0.031944,
        "ir_w_cost": 0.441522,
        "mdd_w_cost": -0.100461,
        "sec": 799
      },
      {
        "IC": 0.028536806696449913,
        "ICIR": 0.21256543739426778,
        "Rank IC": 0.04099866632090189,
        "Rank ICIR": 0.31483546460037054,
        "ann_wo_cost": 0.042122,
        "ir_wo_cost": 0.657385,
        "mdd_wo_cost": -0.114361,
        "ann_w_cost": -0.000263,
        "ir_w_cost": -0.004105,
        "mdd_w_cost": -0.132518,
        "sec": 805
      }
    ],
    "status": "done",
    "n_ok": 3,
    "mean": {
      "IC": 0.0283,
      "ICIR": 0.2096,
      "Rank IC": 0.0423,
      "Rank ICIR": 0.3215,
      "ann_w_cost": 0.0229,
      "ir_w_cost": 0.3321,
      "mdd_w_cost": -0.1157,
      "ann_wo_cost": 0.067,
      "ir_wo_cost": 0.9857,
      "mdd_wo_cost": -0.0875
    },
    "std": {
      "IC": 0.0002,
      "ICIR": 0.0026,
      "Rank IC": 0.0012,
      "Rank ICIR": 0.0064,
      "ann_w_cost": 0.0202,
      "ir_w_cost": 0.2971,
      "mdd_w_cost": 0.0161,
      "ann_wo_cost": 0.0217,
      "ir_wo_cost": 0.2968,
      "mdd_wo_cost": 0.0233
    }
  },
  "GRU_gru_Alpha360": {
    "runs": [
      {
        "IC": 0.046673686043360536,
        "ICIR": 0.35642227795609055,
        "Rank IC": 0.05557084887523528,
        "Rank ICIR": 0.44862995522989596,
        "ann_wo_cost": 0.129981,
        "ir_wo_cost": 1.784294,
        "mdd_wo_cost": -0.073521,
        "ann_w_cost": 0.086671,
        "ir_w_cost": 1.190476,
        "mdd_w_cost": -0.095385,
        "sec": 3051
      },
      {
        "IC": 0.04465210959962531,
        "ICIR": 0.34589292272179517,
        "Rank IC": 0.05461126258591384,
        "Rank ICIR": 0.43551382359974095,
        "ann_wo_cost": 0.073008,
        "ir_wo_cost": 1.117973,
        "mdd_wo_cost": -0.061255,
        "ann_w_cost": 0.036826,
        "ir_w_cost": 0.563917,
        "mdd_w_cost": -0.086659,
        "sec": 5095
      },
      {
        "IC": 0.054087377221081416,
        "ICIR": 0.42043470147269646,
        "Rank IC": 0.05907631255024185,
        "Rank ICIR": 0.46900458082352353,
        "ann_wo_cost": 0.163105,
        "ir_wo_cost": 1.997063,
        "mdd_wo_cost": -0.073153,
        "ann_w_cost": 0.121923,
        "ir_w_cost": 1.493467,
        "mdd_w_cost": -0.09384,
        "sec": 3106
      }
    ],
    "status": "done",
    "n_ok": 3,
    "mean": {
      "IC": 0.0485,
      "ICIR": 0.3742,
      "Rank IC": 0.0564,
      "Rank ICIR": 0.451,
      "ann_w_cost": 0.0818,
      "ir_w_cost": 1.0826,
      "mdd_w_cost": -0.092,
      "ann_wo_cost": 0.122,
      "ir_wo_cost": 1.6331,
      "mdd_wo_cost": -0.0693
    },
    "std": {
      "IC": 0.005,
      "ICIR": 0.0403,
      "Rank IC": 0.0024,
      "Rank ICIR": 0.0169,
      "ann_w_cost": 0.0428,
      "ir_w_cost": 0.4741,
      "mdd_w_cost": 0.0047,
      "ann_wo_cost": 0.0456,
      "ir_wo_cost": 0.4586,
      "mdd_wo_cost": 0.007
    }
  },
  "LSTM_lstm_Alpha158": {
    "runs": [
      {
        "IC": 0.027268185450603298,
        "ICIR": 0.20932363562116182,
        "Rank IC": 0.040666863064486455,
        "Rank ICIR": 0.32442605369092015,
        "ann_wo_cost": 0.071319,
        "ir_wo_cost": 1.100998,
        "mdd_wo_cost": -0.069682,
        "ann_w_cost": 0.028544,
        "ir_w_cost": 0.440734,
        "mdd_w_cost": -0.08449,
        "sec": 735
      },
      {
        "IC": 0.025199960924032604,
        "ICIR": 0.1861843513976803,
        "Rank IC": 0.03835415845692896,
        "Rank ICIR": 0.29418634084950124,
        "ann_wo_cost": 0.054891,
        "ir_wo_cost": 0.861764,
        "mdd_wo_cost": -0.073299,
        "ann_w_cost": 0.012294,
        "ir_w_cost": 0.192962,
        "mdd_w_cost": -0.119754,
        "sec": 743
      },
      {
        "IC": 0.02883665036255505,
        "ICIR": 0.1992547217352369,
        "Rank IC": 0.044300527479629905,
        "Rank ICIR": 0.3209495754257485,
        "ann_wo_cost": 0.06406,
        "ir_wo_cost": 0.943052,
        "mdd_wo_cost": -0.070692,
        "ann_w_cost": 0.023202,
        "ir_w_cost": 0.341616,
        "mdd_w_cost": -0.107211,
        "sec": 731
      }
    ],
    "status": "done",
    "n_ok": 3,
    "mean": {
      "IC": 0.0271,
      "ICIR": 0.1983,
      "Rank IC": 0.0411,
      "Rank ICIR": 0.3132,
      "ann_w_cost": 0.0213,
      "ir_w_cost": 0.3251,
      "mdd_w_cost": -0.1038,
      "ann_wo_cost": 0.0634,
      "ir_wo_cost": 0.9686,
      "mdd_wo_cost": -0.0712
    },
    "std": {
      "IC": 0.0018,
      "ICIR": 0.0116,
      "Rank IC": 0.003,
      "Rank ICIR": 0.0165,
      "ann_w_cost": 0.0083,
      "ir_w_cost": 0.1247,
      "mdd_w_cost": 0.0179,
      "ann_wo_cost": 0.0082,
      "ir_wo_cost": 0.1216,
      "mdd_wo_cost": 0.0019
    }
  },
  "LSTM_lstm_Alpha360": {
    "runs": [
      {
        "IC": 0.043923659362818925,
        "ICIR": 0.3358570912869213,
        "Rank IC": 0.05349682443518632,
        "Rank ICIR": 0.41941071592835216,
        "ann_wo_cost": 0.059831,
        "ir_wo_cost": 0.704885,
        "mdd_wo_cost": -0.113325,
        "ann_w_cost": 0.018613,
        "ir_w_cost": 0.219378,
        "mdd_w_cost": -0.149617,
        "sec": 3358
      },
      {
        "IC": 0.042590345279217116,
        "ICIR": 0.33165392710523295,
        "Rank IC": 0.05432336881512468,
        "Rank ICIR": 0.43312634647555426,
        "ann_wo_cost": 0.065418,
        "ir_wo_cost": 0.899223,
        "mdd_wo_cost": -0.075723,
        "ann_w_cost": 0.028328,
        "ir_w_cost": 0.389842,
        "mdd_w_cost": -0.104627,
        "sec": 3611
      },
      {
        "IC": 0.04374241198927135,
        "ICIR": 0.33134049181008096,
        "Rank IC": 0.05317966263008069,
        "Rank ICIR": 0.4136178005521872,
        "ann_wo_cost": 0.068724,
        "ir_wo_cost": 1.039823,
        "mdd_wo_cost": -0.052941,
        "ann_w_cost": 0.030234,
        "ir_w_cost": 0.457617,
        "mdd_w_cost": -0.070909,
        "sec": 3537
      }
    ],
    "status": "done",
    "n_ok": 3,
    "mean": {
      "IC": 0.0434,
      "ICIR": 0.333,
      "Rank IC": 0.0537,
      "Rank ICIR": 0.4221,
      "ann_w_cost": 0.0257,
      "ir_w_cost": 0.3556,
      "mdd_w_cost": -0.1084,
      "ann_wo_cost": 0.0647,
      "ir_wo_cost": 0.8813,
      "mdd_wo_cost": -0.0807
    },
    "std": {
      "IC": 0.0007,
      "ICIR": 0.0025,
      "Rank IC": 0.0006,
      "Rank ICIR": 0.01,
      "ann_w_cost": 0.0062,
      "ir_w_cost": 0.1228,
      "mdd_w_cost": 0.0395,
      "ann_wo_cost": 0.0045,
      "ir_wo_cost": 0.1682,
      "mdd_wo_cost": 0.0305
    }
  },
  "GATs_gats_Alpha158": {
    "runs": [
      {
        "IC": 0.048042281489420156,
        "ICIR": 0.33821393679693434,
        "Rank IC": 0.0551927198561225,
        "Rank ICIR": 0.3929841443410621,
        "ann_wo_cost": 0.184818,
        "ir_wo_cost": 2.449496,
        "mdd_wo_cost": -0.07477,
        "ann_w_cost": 0.144248,
        "ir_w_cost": 1.912835,
        "mdd_w_cost": -0.082137,
        "sec": 941
      },
      {
        "IC": 0.04577440736316342,
        "ICIR": 0.32086493762331797,
        "Rank IC": 0.05304297665776005,
        "Rank ICIR": 0.37849990535775024,
        "ann_wo_cost": 0.147988,
        "ir_wo_cost": 2.064507,
        "mdd_wo_cost": -0.086291,
        "ann_w_cost": 0.110371,
        "ir_w_cost": 1.540348,